agent_id,agent_service_type,from_origin_node_id,to_destination_node_id,origin_zone_seq_no,destination_zone_seq_no,VRP_group_id,vehicle_seat_capacity,departure_time_in_min,fixed_path_flag,PCE,departure_time_in_min,earliest_departure_time,latest_arrival_time,path_node_sequence,path_schedule_time_sequence
0,2,1001,1010,,,10,1,1,,,0,0,60,,
1,2,1002,1010,,,10,1,1,,,0,0,60,,
2,2,1003,1010,,,10,1,1,,,0,0,60,,
3,2,1004,1010,,,10,1,1,,,0,0,60,,
4,2,1005,1010,,,10,1,1,,,0,0,60,,
5,2,1006,1010,,,10,1,1,,,0,0,60,,
6,2,1007,1010,,,10,1,1,,,0,0,60,,
7,2,1008,1010,,,10,1,1,,,0,0,60,,
8,2,1009,1010,,,10,1,1,,,0,0,60,,
9,2,1010,1010,,,10,1,1,,,0,0,60,,
10,2,1011,1010,,,10,1,1,,,0,0,60,,
11,2,1012,1010,,,10,1,1,,,0,0,60,,
12,2,1013,1010,,,10,1,1,,,0,0,60,,
13,2,1014,1010,,,10,1,1,,,0,0,60,,
14,2,1015,1010,,,10,1,1,,,0,0,60,,
15,2,1016,1010,,,10,1,1,,,0,0,60,,
16,2,1017,1010,,,10,1,1,,,0,0,60,,
17,2,1018,1010,,,10,1,1,,,0,0,60,,
18,2,1019,1010,,,10,1,1,,,0,0,60,,
19,2,1020,1010,,,10,1,1,,,0,0,60,,
20,2,1021,1010,,,10,1,1,,,0,0,60,,
21,2,1022,1010,,,10,1,1,,,0,0,60,,
22,2,1023,1010,,,10,1,1,,,0,0,60,,
23,2,1024,1010,,,10,1,1,,,0,0,60,,
24,2,1025,1010,,,10,1,1,,,0,0,60,,
25,2,1026,1010,,,10,1,1,,,0,0,60,,
26,2,1027,1010,,,10,1,1,,,0,0,60,,
27,2,1028,1010,,,10,1,1,,,0,0,60,,
28,2,1029,1010,,,10,1,1,,,0,0,60,,
29,2,1030,1010,,,10,1,1,,,0,0,60,,
30,2,1031,1010,,,10,1,1,,,0,0,60,,
31,2,1032,1010,,,10,1,1,,,0,0,60,,
32,2,1033,1010,,,10,1,1,,,0,0,60,,
33,2,1034,1010,,,10,1,1,,,0,0,60,,
34,2,1035,1010,,,10,1,1,,,0,0,60,,
35,2,1036,1010,,,10,1,1,,,0,0,60,,
36,2,1037,1010,,,10,1,1,,,0,0,60,,
37,2,1038,1010,,,10,1,1,,,0,0,60,,
38,2,1039,1010,,,10,1,1,,,0,0,60,,
39,2,1040,1010,,,10,1,1,,,0,0,60,,
40,2,1041,1010,,,10,1,1,,,0,0,60,,
41,2,1042,1010,,,10,1,1,,,0,0,60,,
42,2,1043,1010,,,10,1,1,,,0,0,60,,
43,2,1044,1010,,,10,1,1,,,0,0,60,,
44,2,1045,1010,,,10,1,1,,,0,0,60,,
45,2,1046,1010,,,10,1,1,,,0,0,60,,
46,2,1047,1010,,,10,1,1,,,0,0,60,,
47,2,1048,1010,,,10,1,1,,,0,0,60,,
48,2,1049,1010,,,10,1,1,,,0,0,60,,
49,2,1050,1010,,,10,1,1,,,0,0,60,,
50,2,1051,1010,,,10,1,1,,,0,0,60,,
51,2,1052,1010,,,10,1,1,,,0,0,60,,
52,2,1053,1010,,,10,1,1,,,0,0,60,,
53,2,1054,1010,,,10,1,1,,,0,0,60,,
54,2,1055,1010,,,10,1,1,,,0,0,60,,
55,2,1056,1010,,,10,1,1,,,0,0,60,,
56,2,1057,1010,,,10,1,1,,,0,0,60,,
57,2,1058,1010,,,10,1,1,,,0,0,60,,
58,2,1059,1010,,,10,1,1,,,0,0,60,,
59,2,1060,1010,,,10,1,1,,,0,0,60,,
60,2,1061,1010,,,10,1,1,,,0,0,60,,
61,2,1062,1010,,,10,1,1,,,0,0,60,,
62,2,1063,1010,,,10,1,1,,,0,0,60,,
63,2,1064,1010,,,10,1,1,,,0,0,60,,
64,2,1065,1010,,,10,1,1,,,0,0,60,,
65,2,1066,1010,,,10,1,1,,,0,0,60,,
66,2,1067,1010,,,10,1,1,,,0,0,60,,
67,2,1068,1010,,,10,1,1,,,0,0,60,,
68,2,1069,1010,,,10,1,1,,,0,0,60,,
69,2,1070,1010,,,10,1,1,,,0,0,60,,
70,2,1071,1010,,,10,1,1,,,0,0,60,,
71,2,1072,1010,,,10,1,1,,,0,0,60,,
72,2,1073,1010,,,10,1,1,,,0,0,60,,
73,2,1074,1010,,,10,1,1,,,0,0,60,,
74,2,1075,1010,,,10,1,1,,,0,0,60,,
75,2,1076,1010,,,10,1,1,,,0,0,60,,
76,2,1077,1010,,,10,1,1,,,0,0,60,,
77,2,1078,1010,,,10,1,1,,,0,0,60,,
78,2,1079,1010,,,10,1,1,,,0,0,60,,
79,2,1080,1010,,,10,1,1,,,0,0,60,,
80,2,1081,1010,,,10,1,1,,,0,0,60,,
81,2,1082,1010,,,10,1,1,,,0,0,60,,
82,2,1083,1010,,,10,1,1,,,0,0,60,,
83,2,1084,1010,,,10,1,1,,,0,0,60,,
84,2,1085,1010,,,10,1,1,,,0,0,60,,
85,2,1086,1010,,,10,1,1,,,0,0,60,,
86,2,1087,1010,,,10,1,1,,,0,0,60,,
87,2,1088,1010,,,10,1,1,,,0,0,60,,
88,2,1089,1010,,,10,1,1,,,0,0,60,,
89,2,1090,1010,,,10,1,1,,,0,0,60,,
90,2,1091,1010,,,10,1,1,,,0,0,60,,
91,2,1092,1010,,,10,1,1,,,0,0,60,,
92,2,1093,1010,,,10,1,1,,,0,0,60,,
93,2,1094,1010,,,10,1,1,,,0,0,60,,
94,2,1095,1010,,,10,1,1,,,0,0,60,,
95,2,1096,1010,,,10,1,1,,,0,0,60,,
96,2,1097,1010,,,10,1,1,,,0,0,60,,
97,2,1098,1010,,,10,1,1,,,0,0,60,,
98,2,1099,1010,,,10,1,1,,,0,0,60,,
99,2,1100,1010,,,10,1,1,,,0,0,60,,
100,2,1101,1010,,,10,1,1,,,0,0,60,,
101,2,1102,1010,,,10,1,1,,,0,0,60,,
102,2,1103,1010,,,10,1,1,,,0,0,60,,
103,2,1104,1010,,,10,1,1,,,0,0,60,,
104,2,1105,1010,,,10,1,1,,,0,0,60,,
105,2,1106,1010,,,10,1,1,,,0,0,60,,
106,2,1107,1010,,,10,1,1,,,0,0,60,,
107,2,1108,1010,,,10,1,1,,,0,0,60,,
108,2,1109,1010,,,10,1,1,,,0,0,60,,
109,2,1110,1010,,,10,1,1,,,0,0,60,,
110,2,1111,1010,,,10,1,1,,,0,0,60,,
111,2,1112,1010,,,10,1,1,,,0,0,60,,
112,2,1113,1010,,,10,1,1,,,0,0,60,,
113,2,1114,1010,,,10,1,1,,,0,0,60,,
114,2,1115,1010,,,10,1,1,,,0,0,60,,
115,2,1116,1010,,,10,1,1,,,0,0,60,,
116,2,1117,1010,,,10,1,1,,,0,0,60,,
117,2,1118,1010,,,10,1,1,,,0,0,60,,
118,2,1119,1010,,,10,1,1,,,0,0,60,,
119,2,1120,1010,,,10,1,1,,,0,0,60,,
120,2,1121,1010,,,10,1,1,,,0,0,60,,
121,2,1122,1010,,,10,1,1,,,0,0,60,,
122,2,1001,1010,,,20,1,1,,,0,0,60,,
123,2,1002,1010,,,20,1,1,,,0,0,60,,
124,2,1003,1010,,,20,1,1,,,0,0,60,,
125,2,1004,1010,,,20,1,1,,,0,0,60,,
126,2,1005,1010,,,20,1,1,,,0,0,60,,
127,2,1006,1010,,,20,1,1,,,0,0,60,,
128,2,1007,1010,,,20,1,1,,,0,0,60,,
129,2,1008,1010,,,20,1,1,,,0,0,60,,
130,2,1009,1010,,,20,1,1,,,0,0,60,,
131,2,1010,1010,,,20,1,1,,,0,0,60,,
132,2,1011,1010,,,20,1,1,,,0,0,60,,
133,2,1012,1010,,,20,1,1,,,0,0,60,,
134,2,1013,1010,,,20,1,1,,,0,0,60,,
135,2,1014,1010,,,20,1,1,,,0,0,60,,
136,2,1015,1010,,,20,1,1,,,0,0,60,,
137,2,1016,1010,,,20,1,1,,,0,0,60,,
138,2,1017,1010,,,20,1,1,,,0,0,60,,
139,2,1018,1010,,,20,1,1,,,0,0,60,,
140,2,1019,1010,,,20,1,1,,,0,0,60,,
141,2,1020,1010,,,20,1,1,,,0,0,60,,
142,2,1021,1010,,,20,1,1,,,0,0,60,,
143,2,1022,1010,,,20,1,1,,,0,0,60,,
144,2,1023,1010,,,20,1,1,,,0,0,60,,
145,2,1024,1010,,,20,1,1,,,0,0,60,,
146,2,1025,1010,,,20,1,1,,,0,0,60,,
147,2,1026,1010,,,20,1,1,,,0,0,60,,
148,2,1027,1010,,,20,1,1,,,0,0,60,,
149,2,1028,1010,,,20,1,1,,,0,0,60,,
150,2,1029,1010,,,20,1,1,,,0,0,60,,
151,2,1030,1010,,,20,1,1,,,0,0,60,,
152,2,1031,1010,,,20,1,1,,,0,0,60,,
153,2,1032,1010,,,20,1,1,,,0,0,60,,
154,2,1033,1010,,,20,1,1,,,0,0,60,,
155,2,1034,1010,,,20,1,1,,,0,0,60,,
156,2,1035,1010,,,20,1,1,,,0,0,60,,
157,2,1036,1010,,,20,1,1,,,0,0,60,,
158,2,1037,1010,,,20,1,1,,,0,0,60,,
159,2,1038,1010,,,20,1,1,,,0,0,60,,
160,2,1039,1010,,,20,1,1,,,0,0,60,,
161,2,1040,1010,,,20,1,1,,,0,0,60,,
162,2,1041,1010,,,20,1,1,,,0,0,60,,
163,2,1042,1010,,,20,1,1,,,0,0,60,,
164,2,1043,1010,,,20,1,1,,,0,0,60,,
165,2,1044,1010,,,20,1,1,,,0,0,60,,
166,2,1045,1010,,,20,1,1,,,0,0,60,,
167,2,1046,1010,,,20,1,1,,,0,0,60,,
168,2,1047,1010,,,20,1,1,,,0,0,60,,
169,2,1048,1010,,,20,1,1,,,0,0,60,,
170,2,1049,1010,,,20,1,1,,,0,0,60,,
171,2,1050,1010,,,20,1,1,,,0,0,60,,
172,2,1051,1010,,,20,1,1,,,0,0,60,,
173,2,1052,1010,,,20,1,1,,,0,0,60,,
174,2,1053,1010,,,20,1,1,,,0,0,60,,
175,2,1054,1010,,,20,1,1,,,0,0,60,,
176,2,1055,1010,,,20,1,1,,,0,0,60,,
177,2,1056,1010,,,20,1,1,,,0,0,60,,
178,2,1057,1010,,,20,1,1,,,0,0,60,,
179,2,1058,1010,,,20,1,1,,,0,0,60,,
180,2,1059,1010,,,20,1,1,,,0,0,60,,
181,2,1060,1010,,,20,1,1,,,0,0,60,,
182,2,1061,1010,,,20,1,1,,,0,0,60,,
183,2,1062,1010,,,20,1,1,,,0,0,60,,
184,2,1063,1010,,,20,1,1,,,0,0,60,,
185,2,1064,1010,,,20,1,1,,,0,0,60,,
186,2,1065,1010,,,20,1,1,,,0,0,60,,
187,2,1066,1010,,,20,1,1,,,0,0,60,,
188,2,1067,1010,,,20,1,1,,,0,0,60,,
189,2,1068,1010,,,20,1,1,,,0,0,60,,
190,2,1069,1010,,,20,1,1,,,0,0,60,,
191,2,1070,1010,,,20,1,1,,,0,0,60,,
192,2,1071,1010,,,20,1,1,,,0,0,60,,
193,2,1072,1010,,,20,1,1,,,0,0,60,,
194,2,1073,1010,,,20,1,1,,,0,0,60,,
195,2,1074,1010,,,20,1,1,,,0,0,60,,
196,2,1075,1010,,,20,1,1,,,0,0,60,,
197,2,1076,1010,,,20,1,1,,,0,0,60,,
198,2,1077,1010,,,20,1,1,,,0,0,60,,
199,2,1078,1010,,,20,1,1,,,0,0,60,,
200,2,1079,1010,,,20,1,1,,,0,0,60,,
201,2,1080,1010,,,20,1,1,,,0,0,60,,
202,2,1081,1010,,,20,1,1,,,0,0,60,,
203,2,1082,1010,,,20,1,1,,,0,0,60,,
204,2,1083,1010,,,20,1,1,,,0,0,60,,
205,2,1084,1010,,,20,1,1,,,0,0,60,,
206,2,1085,1010,,,20,1,1,,,0,0,60,,
207,2,1086,1010,,,20,1,1,,,0,0,60,,
208,2,1087,1010,,,20,1,1,,,0,0,60,,
209,2,1088,1010,,,20,1,1,,,0,0,60,,
210,2,1089,1010,,,20,1,1,,,0,0,60,,
211,2,1090,1010,,,20,1,1,,,0,0,60,,
212,2,1091,1010,,,20,1,1,,,0,0,60,,
213,2,1092,1010,,,20,1,1,,,0,0,60,,
214,2,1093,1010,,,20,1,1,,,0,0,60,,
215,2,1094,1010,,,20,1,1,,,0,0,60,,
216,2,1095,1010,,,20,1,1,,,0,0,60,,
217,2,1096,1010,,,20,1,1,,,0,0,60,,
218,2,1097,1010,,,20,1,1,,,0,0,60,,
219,2,1098,1010,,,20,1,1,,,0,0,60,,
220,2,1099,1010,,,20,1,1,,,0,0,60,,
221,2,1100,1010,,,20,1,1,,,0,0,60,,
222,2,1101,1010,,,20,1,1,,,0,0,60,,
223,2,1102,1010,,,20,1,1,,,0,0,60,,
224,2,1103,1010,,,20,1,1,,,0,0,60,,
225,2,1104,1010,,,20,1,1,,,0,0,60,,
226,2,1105,1010,,,20,1,1,,,0,0,60,,
227,2,1106,1010,,,20,1,1,,,0,0,60,,
228,2,1107,1010,,,20,1,1,,,0,0,60,,
229,2,1108,1010,,,20,1,1,,,0,0,60,,
230,2,1109,1010,,,20,1,1,,,0,0,60,,
231,2,1110,1010,,,20,1,1,,,0,0,60,,
232,2,1111,1010,,,20,1,1,,,0,0,60,,
233,2,1112,1010,,,20,1,1,,,0,0,60,,
234,2,1113,1010,,,20,1,1,,,0,0,60,,
235,2,1114,1010,,,20,1,1,,,0,0,60,,
236,2,1115,1010,,,20,1,1,,,0,0,60,,
237,2,1116,1010,,,20,1,1,,,0,0,60,,
238,2,1117,1010,,,20,1,1,,,0,0,60,,
239,2,1118,1010,,,20,1,1,,,0,0,60,,
240,2,1119,1010,,,20,1,1,,,0,0,60,,
241,2,1120,1010,,,20,1,1,,,0,0,60,,
242,2,1121,1010,,,20,1,1,,,0,0,60,,
243,2,1122,1010,,,20,1,1,,,0,0,60,,
